{"cameraMode":{"drawMode":0,"name":"Shaded","section":"Shading Mode"},"sceneLighting":false,"audioPlay":false,"sceneViewState":{"m_AlwaysRefresh":false,"showFog":true,"showSkybox":false,"showFlares":true,"showImageEffects":true,"showParticleSystems":true,"showVisualEffectGraphs":true,"m_FxEnabled":true},"in2DMode":false,"pivot":{"x":29.910146713256837,"y":1.1893523931503297,"z":-81.21759033203125},"rotation":{"x":0.2159120887517929,"y":0.47783687710762026,"z":-0.12231988459825516,"w":0.8426814675331116},"size":3.3581042289733888,"orthographic":false}